awarding_agency_name,contract_year,total_awarded,contract_count
Administrative Conference of the U.S.,2023,93328.00,4
Agency for International Development,2023,6916428364.06,7767
Agency for International Development,2024,7766653831.13,7757
Committee for Purchase from People Who Are Blind or Severely Disabled,2023,4254230.88,42
Committee for Purchase from People Who Are Blind or Severely Disabled,2024,2229837.26,42
Commodity Futures Trading Commission,2023,93310397.46,450
Commodity Futures Trading Commission,2024,92617885.55,448
Consumer Financial Protection Bureau,2023,161922850.29,723
Consumer Financial Protection Bureau,2024,198313003.49,726
Consumer Product Safety Commission,2023,53443728.11,706
Consumer Product Safety Commission,2024,38484494.96,707
Corporation for National and Community Service,2023,62355004.40,180
Corporation for National and Community Service,2024,97885366.78,175
Council of the Inspectors General on Integrity and Efficiency,2023,2820852.78,45
Council of the Inspectors General on Integrity and Efficiency,2024,2322817.83,52
Court Services and Offender Supervision Agency,2023,56756829.31,357
Court Services and Offender Supervision Agency,2024,52338920.20,353
Defense Nuclear Facilities Safety Board,2023,6839830.25,58
Defense Nuclear Facilities Safety Board,2024,4528038.88,61
Department of Agriculture,2023,11914225999.63,63726
Department of Agriculture,2024,12114638775.30,66397
Department of Commerce,2023,5309451285.11,17487
Department of Commerce,2024,5542486748.73,14608
Department of Defense,2023,476319250161.05,4273595
Department of Defense,2024,464567472831.26,4297114
Department of Education,2023,2630966072.63,2198
Department of Education,2024,2989066550.91,2222
Department of Energy,2023,47638394392.04,10152
Department of Energy,2024,50081122204.99,10714
Department of Health and Human Services,2023,41752464143.31,59534
Department of Health and Human Services,2024,41018611868.02,54129
Department of Homeland Security,2023,25810797525.99,52391
Department of Homeland Security,2024,25722048775.12,53790
Department of Housing and Urban Development,2023,1056833871.47,1340
Department of Housing and Urban Development,2024,2123198276.13,1492
Department of Justice,2023,11247085094.50,78702
Department of Justice,2024,10486729260.15,79621
Department of Labor,2023,2820372216.14,5198
Department of Labor,2024,2411867940.15,4935
Department of State,2023,12767909819.37,65957
Department of State,2024,12847039346.17,59351
Department of the Interior,2023,8378226965.36,44203
Department of the Interior,2024,8696961896.15,40353
Department of the Treasury,2023,10636350313.20,16348
Department of the Treasury,2024,9713289665.13,15743
Department of Transportation,2023,9945101927.66,27732
Department of Transportation,2024,9802998406.24,28899
Department of Veterans Affairs,2023,64113345140.73,108141
Department of Veterans Affairs,2024,69488769460.19,105991
District of Columbia Courts,2023,38185946.48,365
District of Columbia Courts,2024,65993807.87,519
Environmental Protection Agency,2023,1993516675.90,11124
Environmental Protection Agency,2024,2397600086.83,11180
Equal Employment Opportunity Commission,2023,64384217.44,638
Equal Employment Opportunity Commission,2024,53278041.32,523
Executive Office of the President,2023,80661017.42,466
Executive Office of the President,2024,74899015.56,526
Export-Import Bank of the United States,2023,56752161.02,456
Export-Import Bank of the United States,2024,46781193.63,368
Federal Communications Commission,2023,452419425.81,761
Federal Communications Commission,2024,170161439.02,713
Federal Election Commission,2023,17606070.43,134
Federal Election Commission,2024,17930688.49,123
Federal Housing Finance Agency,2023,797831.24,6
Federal Housing Finance Agency,2024,733661.38,3
Federal Labor Relations Authority,2023,2562808.84,66
Federal Labor Relations Authority,2024,1762667.64,45
Federal Maritime Commission,2023,5949371.74,74
Federal Maritime Commission,2024,6862548.09,70
Federal Mediation and Conciliation Service,2023,8156437.33,93
Federal Mediation and Conciliation Service,2024,8273807.86,98
Federal Mine Safety and Health Review Commission,2023,1104455.16,75
Federal Mine Safety and Health Review Commission,2024,463789.47,12
Federal Trade Commission,2023,126162327.64,514
Federal Trade Commission,2024,118920700.96,556
General Services Administration,2023,25512020001.67,1503401
General Services Administration,2024,28278449693.96,1512681
Government Accountability Office,2023,135239690.86,530
Government Accountability Office,2024,135719047.92,553
Institute of Museum and Library Services,2023,12756142.90,92
Institute of Museum and Library Services,2024,9839892.59,105
International Trade Commission,2023,16593812.44,195
International Trade Commission,2024,17505050.45,174
John F. Kennedy Center for the Performing Arts,2023,8691193.45,7
John F. Kennedy Center for the Performing Arts,2024,7462114.87,13
Library of Congress,2023,93000.00,33
Library of Congress,2024,63000.00,34
Merit Systems Protection Board,2023,5156396.82,191
Merit Systems Protection Board,2024,4907511.96,159
Millennium Challenge Corporation,2023,111013941.47,388
Millennium Challenge Corporation,2024,119535954.60,457
Morris K. Udall and Stewart L. Udall Foundation,2023,2101147.36,29
Morris K. Udall and Stewart L. Udall Foundation,2024,2419216.63,34
National Aeronautics and Space Administration,2023,21509856371.46,23085
National Aeronautics and Space Administration,2024,20516302812.94,21330
National Archives and Records Administration,2023,247704466.79,1053
National Archives and Records Administration,2024,231709271.41,1048
National Endowment for the Arts,2023,5112182.68,46
National Endowment for the Arts,2024,5641741.46,45
National Endowment for the Humanities,2023,657244.35,12
National Endowment for the Humanities,2024,1846239.83,48
National Gallery of Art,2023,57764997.05,653
National Gallery of Art,2024,55751504.61,725
National Labor Relations Board,2023,33271502.96,231
National Labor Relations Board,2024,27041043.03,202
National Science Foundation,2023,639914316.61,951
National Science Foundation,2024,780677938.48,1021
National Transportation Safety Board,2023,18403171.28,197
National Transportation Safety Board,2024,23112802.80,175
Nuclear Regulatory Commission,2023,189813830.66,1342
Nuclear Regulatory Commission,2024,198038399.17,1371
Occupational Safety and Health Review Commission,2023,1933093.24,45
Occupational Safety and Health Review Commission,2024,2207948.37,48
Office of Personnel Management,2023,513268730.04,1124
Office of Personnel Management,2024,555561446.76,872
Peace Corps,2023,138866761.44,466
Peace Corps,2024,107845939.54,434
Pension Benefit Guaranty Corporation,2023,376815912.38,645
Pension Benefit Guaranty Corporation,2024,375990705.37,621
Railroad Retirement Board,2023,66700375.21,275
Railroad Retirement Board,2024,47273999.48,299
Securities and Exchange Commission,2023,744420414.76,1154
Securities and Exchange Commission,2024,595752458.72,1200
Selective Service System,2023,6819393.47,43
Selective Service System,2024,1549944.94,22
Small Business Administration,2023,543982241.05,1139
Small Business Administration,2024,375192798.21,1085
Smithsonian Institution,2023,494379157.35,3769
Smithsonian Institution,2024,497867339.37,2774
Social Security Administration,2023,2095149234.14,4064
Social Security Administration,2024,2006884235.07,4019
U.S. Agency for Global Media,2023,150277754.86,2900
U.S. Agency for Global Media,2024,142265160.43,2949
U.S. International Development Finance Corporation,2023,79150515.93,551
U.S. International Development Finance Corporation,2024,116242450.39,910
United States Chemical Safety Board,2023,2423077.79,19
United States Chemical Safety Board,2024,2392536.09,50
United States Trade and Development Agency,2023,33757902.96,170
United States Trade and Development Agency,2024,28037584.36,147
